Question,Slug,Collection ID,Locale ID,Item ID,Archived,Draft,Created On,Updated On,Published On,Answer,Order,Featured,Categories
 What type of prescription is accepted?,what-type-of-prescription-is-accepted,68687a67e5482f687aa93558,68684afdb2c32b34342f1553,6938a93362fdc861c3b6c1a8,false,false,Tue Dec 09 2025 22:56:51 GMT+0000 (Coordinated Universal Time),Tue Dec 16 2025 23:14:02 GMT+0000 (Coordinated Universal Time),Tue Dec 16 2025 23:14:02 GMT+0000 (Coordinated Universal Time),Any prescription written by a licensed healthcare provider that clearly states your need for sleep apnea therapy. It can come from an in-lab sleep study or an at-home sleep test interpreted by a qualified physician.,,false,prescription
Are there any hidden fees?,are-there-any-hidden-fees,68687a67e5482f687aa93558,68684afdb2c32b34342f1553,68687a79b299619d2b88e914,false,false,Sat Jul 05 2025 01:06:01 GMT+0000 (Coordinated Universal Time),Tue Dec 16 2025 23:14:02 GMT+0000 (Coordinated Universal Time),Tue Dec 16 2025 23:14:02 GMT+0000 (Coordinated Universal Time),"No. We believe in transparent pricing. All costs are clearly outlined upfront, with no surprise charges.",,false,general
Are there any side effects of CPAP therapy?,are-there-any-side-effects-of-cpap-therapy,68687a67e5482f687aa93558,68684afdb2c32b34342f1553,68687a7a0ff7839cd203d608,false,false,Sat Jul 05 2025 01:06:02 GMT+0000 (Coordinated Universal Time),Tue Dec 16 2025 23:14:02 GMT+0000 (Coordinated Universal Time),Tue Dec 16 2025 23:14:02 GMT+0000 (Coordinated Universal Time),"Some people experience minor side effects like dryness or nasal congestion, but these usually go away with adjustments. Dumbo Health's sleep specialists will help you get comfortable with your treatment.",,false,general
Can Dumbo Health write my prescription?,can-dumbo-health-write-my-prescription,68687a67e5482f687aa93558,68684afdb2c32b34342f1553,6938a988054a43689b9e489c,false,false,Tue Dec 09 2025 22:58:16 GMT+0000 (Coordinated Universal Time),Tue Dec 16 2025 23:14:02 GMT+0000 (Coordinated Universal Time),Tue Dec 16 2025 23:14:02 GMT+0000 (Coordinated Universal Time),"If you complete a sleep evaluation through Dumbo Health and receive a diagnosis, our board-certified sleep physicians can write or update your prescription.",,false,prescription
Can I change what I get?,can-i-change-what-i-get,68687a67e5482f687aa93558,68684afdb2c32b34342f1553,6938af8986704f33fb96e549,false,false,Tue Dec 09 2025 23:23:53 GMT+0000 (Coordinated Universal Time),Tue Dec 16 2025 23:14:03 GMT+0000 (Coordinated Universal Time),Tue Dec 16 2025 23:14:03 GMT+0000 (Coordinated Universal Time),"If your needs change, the plan can adjust. You’re not stuck.",,false,resupply
Can I switch subscription plans later?,can-i-switch-subscription-plans-later,68687a67e5482f687aa93558,68684afdb2c32b34342f1553,68687a7a6c164983b8b59917,false,false,Sat Jul 05 2025 01:06:02 GMT+0000 (Coordinated Universal Time),Tue Dec 16 2025 23:14:02 GMT+0000 (Coordinated Universal Time),Tue Dec 16 2025 23:14:02 GMT+0000 (Coordinated Universal Time),"Absolutely! Dumbo Health is all about flexibility. You can easily upgrade or downgrade your subscription anytime based on your needs. Just reach out, and we'll handle everything for you.",,false,general
Can I travel with my CPAP machine?,can-i-travel-with-my-cpap-machine,68687a67e5482f687aa93558,68684afdb2c32b34342f1553,68687a7b35de09e3add07ea2,false,false,Sat Jul 05 2025 01:06:03 GMT+0000 (Coordinated Universal Time),Tue Dec 16 2025 23:14:02 GMT+0000 (Coordinated Universal Time),Tue Dec 16 2025 23:14:02 GMT+0000 (Coordinated Universal Time),"Yes. CPAP machines are considered medical devices, so you can bring them on flights in addition to your carry-on. At security, you may need to remove the device from its case for screening. If you plan to use it during the flight, notify your airline in advance and ask about power options, or bring a travel battery. Always pack your CPAP in carry-on (not checked luggage), and bring distilled water or plan to buy some at your destination.",,false,general
Can I upload my prescription from outside the United States?,can-i-upload-my-prescription-from-outside-the-united-states,68687a67e5482f687aa93558,68684afdb2c32b34342f1553,6938a9e735190dde58621174,false,false,Tue Dec 09 2025 22:59:51 GMT+0000 (Coordinated Universal Time),Tue Dec 16 2025 23:14:02 GMT+0000 (Coordinated Universal Time),Tue Dec 16 2025 23:14:02 GMT+0000 (Coordinated Universal Time),"No. For regulatory reasons, Dumbo Health can only accept prescriptions written by licensed U.S. providers.",,false,prescription
Can I use an old prescription?,can-i-use-an-old-prescription,68687a67e5482f687aa93558,68684afdb2c32b34342f1553,6938a968c283df0a453b8a7f,false,false,Tue Dec 09 2025 22:57:44 GMT+0000 (Coordinated Universal Time),Tue Dec 16 2025 23:14:02 GMT+0000 (Coordinated Universal Time),Tue Dec 16 2025 23:14:02 GMT+0000 (Coordinated Universal Time),"Most prescriptions for sleep apnea therapy do not expire, but some providers set time limits. If your prescription is unclear or outdated, you may be asked to provide a new one.",,false,prescription
Can I use insurance with Dumbo?,can-i-use-insurance-with-dumbo,68687a67e5482f687aa93558,68684afdb2c32b34342f1553,69495cae6ab14bebbbf519be,false,false,Mon Dec 22 2025 14:58:54 GMT+0000 (Coordinated Universal Time),Mon Dec 22 2025 15:00:04 GMT+0000 (Coordinated Universal Time),Mon Dec 22 2025 15:01:33 GMT+0000 (Coordinated Universal Time),Dumbo Health is cash pay first with transparent monthly plans. ,,false,cashpay
Can I use my HSA or FSA for payment?,can-i-use-my-hsa-or-fsa-for-payment,68687a67e5482f687aa93558,68684afdb2c32b34342f1553,68687a7b0249694b1d938361,false,false,Sat Jul 05 2025 01:06:03 GMT+0000 (Coordinated Universal Time),Tue Dec 16 2025 23:14:03 GMT+0000 (Coordinated Universal Time),Tue Dec 16 2025 23:14:03 GMT+0000 (Coordinated Universal Time),,,false,general
Can changes to my lifestyle help with sleep apnea?,can-changes-to-my-lifestyle-help-with-sleep-apnea,68687a67e5482f687aa93558,68684afdb2c32b34342f1553,68687a796c164983b8b59816,false,false,Sat Jul 05 2025 01:06:01 GMT+0000 (Coordinated Universal Time),Tue Dec 16 2025 23:14:03 GMT+0000 (Coordinated Universal Time),Tue Dec 16 2025 23:14:03 GMT+0000 (Coordinated Universal Time),"Absolutely! Making healthy changes like eating well, exercising regularly, and managing your weight can greatly help with sleep apnea. Dumbo Health makes these changes easier through personalized treatment, ongoing support from sleep coaches, regular check-ins from our doctors, and engagement programs backed by real data and sleep specialists.",,false,general
Can this home sleep test really find sleep apnea?,can-this-home-sleep-test-really-find-sleep-apnea,68687a67e5482f687aa93558,68684afdb2c32b34342f1553,693896ad0b1e747a130e822f,false,false,Tue Dec 09 2025 21:37:49 GMT+0000 (Coordinated Universal Time),Tue Dec 16 2025 23:14:02 GMT+0000 (Coordinated Universal Time),Tue Dec 16 2025 23:14:02 GMT+0000 (Coordinated Universal Time),Yes. It’s FDA-cleared and built to measure the signals needed to diagnose sleep apnea. It’s been used on tens of thousands of people with strong accuracy.,,false,hst
Do I ever need a sleep lab?,do-i-ever-need-a-sleep-lab,68687a67e5482f687aa93558,68684afdb2c32b34342f1553,693896adeb32d38c298e7f2c,false,false,Tue Dec 09 2025 21:37:49 GMT+0000 (Coordinated Universal Time),Tue Dec 16 2025 23:14:03 GMT+0000 (Coordinated Universal Time),Tue Dec 16 2025 23:14:03 GMT+0000 (Coordinated Universal Time),Almost never. Fewer than one percent of people need a full lab test with many sensors. Most people get everything they need from the home test.,,false,hst
Do I ever need a sleep lab?,do-i-ever-need-a-sleep-lab-tr,68687a67e5482f687aa93558,68684afdb2c32b34342f1553,695ff418736d553030158721,false,false,Thu Jan 08 2026 18:14:48 GMT+0000 (Coordinated Universal Time),Thu Jan 08 2026 18:14:50 GMT+0000 (Coordinated Universal Time),Thu Jan 08 2026 18:15:22 GMT+0000 (Coordinated Universal Time),"After completing a sleep questionnaire, our team ships the Home Sleep test to your home in about three business days. Setup is simple: pair the device with your phone, put it on your finger or hand, and keep it on all night.",,false,trucker
Do I have to remember when to replace things?,do-i-have-to-remember-when-to-replace-things,68687a67e5482f687aa93558,68684afdb2c32b34342f1553,6938af8920f710701d35b81b,false,false,Tue Dec 09 2025 23:23:53 GMT+0000 (Coordinated Universal Time),Tue Dec 16 2025 23:14:03 GMT+0000 (Coordinated Universal Time),Tue Dec 16 2025 23:14:03 GMT+0000 (Coordinated Universal Time),No. That’s the whole point. We track the timing. You just open the box.,,false,resupply
Do I need a prescription for CPAP?,do-i-need-a-prescription-for-cpap,68687a67e5482f687aa93558,68684afdb2c32b34342f1553,694459fc0280936a677dd8cc,false,false,Thu Dec 18 2025 19:46:04 GMT+0000 (Coordinated Universal Time),Thu Dec 18 2025 19:46:38 GMT+0000 (Coordinated Universal Time),Thu Dec 18 2025 20:12:01 GMT+0000 (Coordinated Universal Time),Yes. CPAP therapy requires a valid prescription from a licensed medical provider. If you already have one our team can review it. If not a sleep test and medical review may be needed first.,,false,cpap
Do I need a prescription to reorder supplies like masks or tubing?,do-i-need-a-prescription-to-reorder-supplies-like-masks-or-tubing,68687a67e5482f687aa93558,68684afdb2c32b34342f1553,6938a9d0fc138dfdbdc0a3ae,false,false,Tue Dec 09 2025 22:59:28 GMT+0000 (Coordinated Universal Time),Tue Dec 16 2025 23:14:03 GMT+0000 (Coordinated Universal Time),Tue Dec 16 2025 23:14:03 GMT+0000 (Coordinated Universal Time),No. Most CPAP accessories do not require a prescription. Only the device itself and certain mask types do.,,false,prescription
Do I need a prescription to start my treatment?,do-i-need-a-prescription-to-start-my-treatment,68687a67e5482f687aa93558,68684afdb2c32b34342f1553,68687a79be10394308bb82bf,false,false,Sat Jul 05 2025 01:06:01 GMT+0000 (Coordinated Universal Time),Tue Dec 16 2025 23:14:02 GMT+0000 (Coordinated Universal Time),Tue Dec 16 2025 23:14:02 GMT+0000 (Coordinated Universal Time),"Yes, you’ll need a prescription for sleep apnea treatment. Great news: Dumbo Health can handle this right here on our website! Our doctors can prescribe everything you need, quickly and easily. If you prefer, we can also give you the prescription directly.",,false,general
Do I need insurance?,do-i-need-insurance,68687a67e5482f687aa93558,68684afdb2c32b34342f1553,6941e7433f7a1fa340bb38c9,false,false,Tue Dec 16 2025 23:12:03 GMT+0000 (Coordinated Universal Time),Thu Jan 08 2026 18:24:51 GMT+0000 (Coordinated Universal Time),Thu Jan 08 2026 18:24:51 GMT+0000 (Coordinated Universal Time),"No. This is flat price and cash pay. No insurance delays, no approvals, and no waiting weeks. It is faster and built for tight DOT timelines.",,false,trucker
Do I pick my mask?,do-i-pick-my-mask,68687a67e5482f687aa93558,68684afdb2c32b34342f1553,6938af89fcdb05856eb5fc31,false,false,Tue Dec 09 2025 23:23:53 GMT+0000 (Coordinated Universal Time),Tue Dec 16 2025 23:14:02 GMT+0000 (Coordinated Universal Time),Tue Dec 16 2025 23:14:02 GMT+0000 (Coordinated Universal Time),Yes. You choose the mask style that fits you best. We send fresh replacements on schedule.,,false,resupply
Does the prescription need to include specific settings?,does-the-prescription-need-to-include-specific-settings,68687a67e5482f687aa93558,68684afdb2c32b34342f1553,6938a955e0b5bac3b3ffab01,false,false,Tue Dec 09 2025 22:57:25 GMT+0000 (Coordinated Universal Time),Tue Dec 16 2025 23:14:03 GMT+0000 (Coordinated Universal Time),Tue Dec 16 2025 23:14:03 GMT+0000 (Coordinated Universal Time),"Yes. If you’re ordering a CPAP or APAP device, the prescription should include your pressure settings or a note allowing auto-titration. If settings are missing, your provider may need to update the prescription.",,false,prescription
How do I get started with CPAP through Dumbo Health?,how-do-i-get-started-with-cpap-through-dumbo-health,68687a67e5482f687aa93558,68684afdb2c32b34342f1553,694459fc7402d79690c4e6f9,false,false,Thu Dec 18 2025 19:46:04 GMT+0000 (Coordinated Universal Time),Thu Dec 18 2025 19:46:38 GMT+0000 (Coordinated Universal Time),Thu Dec 18 2025 20:12:01 GMT+0000 (Coordinated Universal Time),After purchase you will submit your prescription or complete any required medical steps. Once approved we prepare your equipment and guide you through setup and onboarding.,,false,cpap
How do I maintain my CPAP equipment?,how-do-i-maintain-my-cpap-equipment,68687a67e5482f687aa93558,68684afdb2c32b34342f1553,68687a798a38d42a1e0e50a0,false,false,Sat Jul 05 2025 01:06:01 GMT+0000 (Coordinated Universal Time),Tue Dec 16 2025 23:14:02 GMT+0000 (Coordinated Universal Time),Tue Dec 16 2025 23:14:02 GMT+0000 (Coordinated Universal Time),"Maintaining CPAP equipment can be tricky, but Dumbo Health makes it simple. Depending on your subscription level, Dumbo Health includes everything, from fresh accessories regularly shipped to you, automatic equipment upgrades, and even unlimited telehealth support from our sleep specialists. With Dumbo Health, your CPAP equipment stays clean, fresh, and working perfectly for better sleep.",,false,general
How do I prepare for the home sleep test?,how-do-i-prepare-for-the-home-sleep-test,68687a67e5482f687aa93558,68684afdb2c32b34342f1553,68687a78114ff7dee9020f1d,false,false,Sat Jul 05 2025 01:06:00 GMT+0000 (Coordinated Universal Time),Tue Dec 16 2025 23:14:02 GMT+0000 (Coordinated Universal Time),Tue Dec 16 2025 23:14:02 GMT+0000 (Coordinated Universal Time),"Preparation is simple. Avoid caffeine and alcohol before bedtime, and follow the instructions provided with your test kit. The device is designed for ease of use, ensuring a comfortable testing experience.",,true,general
How do I return the at-home kit after the test?,how-do-i-return-the-at-home-kit-after-the-test,68687a67e5482f687aa93558,68684afdb2c32b34342f1553,68687a795e47f62b8aa28da7,false,false,Sat Jul 05 2025 01:06:01 GMT+0000 (Coordinated Universal Time),Tue Dec 16 2025 23:14:02 GMT+0000 (Coordinated Universal Time),Tue Dec 16 2025 23:14:02 GMT+0000 (Coordinated Universal Time),"You don’t have to return anything! Our at-home test kit is completely disposable, making it super convenient. No extra trips, no waiting, just quick and easy results.",,false,general
How do I upload my prescription?,how-do-i-upload-my-prescription,68687a67e5482f687aa93558,68684afdb2c32b34342f1553,6938a94419c9787d9c108e6a,false,false,Tue Dec 09 2025 22:57:08 GMT+0000 (Coordinated Universal Time),Tue Dec 16 2025 23:14:02 GMT+0000 (Coordinated Universal Time),Tue Dec 16 2025 23:14:02 GMT+0000 (Coordinated Universal Time),Use the secure upload form. Take a clear photo or scan of your prescription and submit it along with your order ID.,,false,prescription
How does the testing process work?,how-does-the-testing-process-work,68687a67e5482f687aa93558,68684afdb2c32b34342f1553,693896ad12369b1b6900d6e0,false,false,Tue Dec 09 2025 21:37:49 GMT+0000 (Coordinated Universal Time),Tue Dec 16 2025 23:14:02 GMT+0000 (Coordinated Universal Time),Tue Dec 16 2025 23:14:02 GMT+0000 (Coordinated Universal Time),"After completing a sleep questionnaire, our team ships the Home Sleep test to your home in about three business days. Setup is simple: pair the device with your phone, put it on your finger or hand, and keep it on all night.",,false,hst
How does the testing process work?,how-does-the-testing-process-work-2,68687a67e5482f687aa93558,68684afdb2c32b34342f1553,695ff3ca83b9ccbff8cdb9bc,false,false,Thu Jan 08 2026 18:13:30 GMT+0000 (Coordinated Universal Time),Thu Jan 08 2026 18:13:33 GMT+0000 (Coordinated Universal Time),Thu Jan 08 2026 18:15:22 GMT+0000 (Coordinated Universal Time),"After completing a sleep questionnaire, our team ships the Home Sleep test to your home in about three business days. Setup is simple: pair the device with your phone, put it on your finger or hand, and keep it on all night.",,false,trucker
How fast can I start?,how-fast-can-i-start,68687a67e5482f687aa93558,68684afdb2c32b34342f1553,69495d12a140f8b38152b799,false,false,Mon Dec 22 2025 15:00:34 GMT+0000 (Coordinated Universal Time),Mon Dec 22 2025 15:00:43 GMT+0000 (Coordinated Universal Time),Mon Dec 22 2025 15:01:33 GMT+0000 (Coordinated Universal Time),Most people complete testing and begin therapy in days once a diagnosis is confirmed.,,false,cashpay
How long does it take to verify my prescription?,how-long-does-it-take-to-verify-my-prescription,68687a67e5482f687aa93558,68684afdb2c32b34342f1553,6938a9b1d38b4df776652747,false,false,Tue Dec 09 2025 22:58:57 GMT+0000 (Coordinated Universal Time),Tue Dec 16 2025 23:14:02 GMT+0000 (Coordinated Universal Time),Tue Dec 16 2025 23:14:02 GMT+0000 (Coordinated Universal Time),"Most prescriptions are reviewed within one business day. If anything is missing or unclear, we’ll notify you.",,false,prescription
How much does the home sleep test cost?,how-much-does-the-home-sleep-test-cost,68687a67e5482f687aa93558,68684afdb2c32b34342f1553,68687a78fec6c10a6a3e4f76,false,false,Sat Jul 05 2025 01:06:00 GMT+0000 (Coordinated Universal Time),Tue Dec 16 2025 23:14:03 GMT+0000 (Coordinated Universal Time),Tue Dec 16 2025 23:14:03 GMT+0000 (Coordinated Universal Time),"Our home sleep test is priced at $149 (including device and its delivery, doctor interpretation and a telehealth call with a doctor that will explain your results), offering an affordable alternative to traditional in-lab studies, which can cost between $2,000 and $5,000 per night.",,true,general
How often do I get deliveries?,how-often-do-i-get-deliveries,68687a67e5482f687aa93558,68684afdb2c32b34342f1553,6938af894a43a496f14012f3,false,false,Tue Dec 09 2025 23:23:52 GMT+0000 (Coordinated Universal Time),Tue Dec 16 2025 23:14:02 GMT+0000 (Coordinated Universal Time),Tue Dec 16 2025 23:14:02 GMT+0000 (Coordinated Universal Time),"Every three months. Four times a year. Like seasons, but for your sleep.",,false,resupply
How often should I replace my CPAP mask and accessories?,how-often-should-i-replace-my-cpap-mask-and-accessories,68687a67e5482f687aa93558,68684afdb2c32b34342f1553,68687a7a511c21d6c645fcc9,false,false,Sat Jul 05 2025 01:06:02 GMT+0000 (Coordinated Universal Time),Tue Dec 16 2025 23:14:02 GMT+0000 (Coordinated Universal Time),Tue Dec 16 2025 23:14:02 GMT+0000 (Coordinated Universal Time),"CPAP equipment performs best when regularly refreshed. Dumbo Health's subscriptions automatically handle replacements, ensuring your equipment is always at its best. No remembering, no hassle, just restful sleep.",,false,general
How soon can I begin treatment after ordering?,how-soon-can-i-begin-treatment-after-ordering,68687a67e5482f687aa93558,68684afdb2c32b34342f1553,68687a7a6c164983b8b5992e,false,false,Sat Jul 05 2025 01:06:02 GMT+0000 (Coordinated Universal Time),Tue Dec 16 2025 23:14:02 GMT+0000 (Coordinated Universal Time),Tue Dec 16 2025 23:14:02 GMT+0000 (Coordinated Universal Time),"Very quickly! Once you place your order, your home test kit usually arrives within a few days. After completing your test, you’ll receive results promptly and can start treatment right away. No more waiting to see a sleep doctor for months.",,false,general
Is a CPAP machine uncomfortable or loud?,is-a-cpap-machine-uncomfortable-or-loud,68687a67e5482f687aa93558,68684afdb2c32b34342f1553,68687a798a1487ab0857798e,false,false,Sat Jul 05 2025 01:06:01 GMT+0000 (Coordinated Universal Time),Tue Dec 16 2025 23:14:03 GMT+0000 (Coordinated Universal Time),Tue Dec 16 2025 23:14:03 GMT+0000 (Coordinated Universal Time),"Not anymore! Dumbo Health provides the latest CPAP machines that are quiet, comfortable, and user-friendly. Plus, our sleep coaches help you find the perfect fit.",,false,general
Is a home sleep test as accurate as an in-lab study?,is-a-home-sleep-test-as-accurate-as-an-in-lab-study,68687a67e5482f687aa93558,68684afdb2c32b34342f1553,68687a78b299619d2b88e8c1,false,false,Sat Jul 05 2025 01:06:00 GMT+0000 (Coordinated Universal Time),Tue Dec 16 2025 23:14:03 GMT+0000 (Coordinated Universal Time),Tue Dec 16 2025 23:14:03 GMT+0000 (Coordinated Universal Time),"For many individuals, especially those with a high likelihood of obstructive sleep apnea, home sleep tests offer reliable results. However, certain complex cases might require an in-lab study for comprehensive evaluation. We will of course let you know if it's the case.",,true,general
Is cash pay really cheaper?,is-cash-pay-really-cheaper,68687a67e5482f687aa93558,68684afdb2c32b34342f1553,69495cd129573485b7036950,false,false,Mon Dec 22 2025 14:59:29 GMT+0000 (Coordinated Universal Time),Mon Dec 22 2025 15:00:00 GMT+0000 (Coordinated Universal Time),Mon Dec 22 2025 15:01:33 GMT+0000 (Coordinated Universal Time),"For many people, yes. High deductibles and rental terms can make insurance more expensive over time. Cash pay gives you one clear price and you own the device.",,false,cashpay
Is my information secure when I upload it?,is-my-information-secure-when-i-upload-it,68687a67e5482f687aa93558,68684afdb2c32b34342f1553,6938a99a620cad1cd23c3164,false,false,Tue Dec 09 2025 22:58:34 GMT+0000 (Coordinated Universal Time),Tue Dec 16 2025 23:14:02 GMT+0000 (Coordinated Universal Time),Tue Dec 16 2025 23:14:02 GMT+0000 (Coordinated Universal Time),Yes. Uploads are encrypted and stored securely. Only authorized clinical staff can access your file.,,false,prescription
Is this for new CPAP users or experienced ones?,is-this-for-new-cpap-users-or-experienced-ones,68687a67e5482f687aa93558,68684afdb2c32b34342f1553,6938af89bcb1e04da974143f,false,false,Tue Dec 09 2025 23:23:53 GMT+0000 (Coordinated Universal Time),Tue Dec 16 2025 23:14:02 GMT+0000 (Coordinated Universal Time),Tue Dec 16 2025 23:14:02 GMT+0000 (Coordinated Universal Time),Both. New users get an easy start. Experienced users stop worrying about worn-out equipment.,,false,resupply
What are the treatment options for sleep apnea?,what-are-the-treatment-options-for-sleep-apnea,68687a67e5482f687aa93558,68684afdb2c32b34342f1553,68687a79095388eeaeade6f0,false,false,Sat Jul 05 2025 01:06:01 GMT+0000 (Coordinated Universal Time),Tue Dec 16 2025 23:14:02 GMT+0000 (Coordinated Universal Time),Tue Dec 16 2025 23:14:02 GMT+0000 (Coordinated Universal Time),"Treatment varies based on severity. Options include lifestyle changes, Continuous Positive Airway Pressure (CPAP) therapy, oral appliances, and, in some cases, surgery.",,false,general
What comes in the shipments?,what-comes-in-the-shipments,68687a67e5482f687aa93558,68684afdb2c32b34342f1553,6938af8991239ef6b8196d7f,false,false,Tue Dec 09 2025 23:23:53 GMT+0000 (Coordinated Universal Time),Tue Dec 16 2025 23:14:03 GMT+0000 (Coordinated Universal Time),Tue Dec 16 2025 23:14:03 GMT+0000 (Coordinated Universal Time),"A mix of new masks, cushions, tubes, filters, and wipes. Everything your CPAP needs to stay clean and comfortable.",,false,resupply
What happens after my prescription is approved?,what-happens-after-my-prescription-is-approved,68687a67e5482f687aa93558,68684afdb2c32b34342f1553,6938a9c4f66d6b3f351223fc,false,false,Tue Dec 09 2025 22:59:16 GMT+0000 (Coordinated Universal Time),Tue Dec 16 2025 23:14:03 GMT+0000 (Coordinated Universal Time),Tue Dec 16 2025 23:14:03 GMT+0000 (Coordinated Universal Time),"Your order moves into processing. If you’re ordering a device, it will be set up with your prescribed settings before shipping.",,false,prescription
What happens if my CPAP machine stops working?,what-happens-if-my-cpap-machine-stops-working,68687a67e5482f687aa93558,68684afdb2c32b34342f1553,68687a7a1111dde80337e0c0,false,false,Sat Jul 05 2025 01:06:02 GMT+0000 (Coordinated Universal Time),Tue Dec 16 2025 23:14:03 GMT+0000 (Coordinated Universal Time),Tue Dec 16 2025 23:14:03 GMT+0000 (Coordinated Universal Time),"No worries, Dumbo Health's got your back! Depending on your subscription, we handle quick replacements and offer round-the-clock support to ensure uninterrupted restful sleep.",,false,general
What happens if my home sleep test doesn't record properly?,what-happens-if-my-home-sleep-test-doesnt-record-properly,68687a67e5482f687aa93558,68684afdb2c32b34342f1553,68687a7a2cef421db66d0bd6,false,false,Sat Jul 05 2025 01:06:02 GMT+0000 (Coordinated Universal Time),Tue Dec 16 2025 23:14:02 GMT+0000 (Coordinated Universal Time),Tue Dec 16 2025 23:14:02 GMT+0000 (Coordinated Universal Time),"Don't worry! If your test data isn't sufficient, we’ll promptly send you another kit at no extra charge. Our goal is to ensure you receive accurate results quickly and easily.",,false,general
What if CPAP does not feel comfortable at first?,what-if-cpap-does-not-feel-comfortable-at-first,68687a67e5482f687aa93558,68684afdb2c32b34342f1553,694459fc3798d6475db33bdf,false,false,Thu Dec 18 2025 19:46:04 GMT+0000 (Coordinated Universal Time),Thu Dec 18 2025 19:46:38 GMT+0000 (Coordinated Universal Time),Thu Dec 18 2025 20:12:01 GMT+0000 (Coordinated Universal Time),Adjusting can take time. Our support team helps you work through comfort questions and common challenges so therapy feels easier to stick with over time.,,false,cpap
What if I already have a sleep apnea diagnosis?,what-if-i-already-have-a-sleep-apnea-diagnosis,68687a67e5482f687aa93558,68684afdb2c32b34342f1553,694459fcdc3612eb4168b3a8,false,false,Thu Dec 18 2025 19:46:04 GMT+0000 (Coordinated Universal Time),Thu Dec 18 2025 19:46:38 GMT+0000 (Coordinated Universal Time),Thu Dec 18 2025 20:12:01 GMT+0000 (Coordinated Universal Time),If you have already been diagnosed and have a valid prescription you can move forward without repeating testing. Our medical team reviews your information and helps you get set up.,,false,cpap
What if I have trouble using the device?,what-if-i-have-trouble-using-the-device,68687a67e5482f687aa93558,68684afdb2c32b34342f1553,68687a792cef421db66d0bb2,false,false,Sat Jul 05 2025 01:06:01 GMT+0000 (Coordinated Universal Time),Tue Dec 16 2025 23:14:02 GMT+0000 (Coordinated Universal Time),Tue Dec 16 2025 23:14:02 GMT+0000 (Coordinated Universal Time),"Our support team is available to assist you. If you encounter any issues, don’t hesitate to reach out for guidance.",,false,general
What if I lost my prescription?,what-if-i-lost-my-prescription,68687a67e5482f687aa93558,68684afdb2c32b34342f1553,6938a979ed44d1ef5a501e5a,false,false,Tue Dec 09 2025 22:58:01 GMT+0000 (Coordinated Universal Time),Tue Dec 16 2025 23:14:02 GMT+0000 (Coordinated Universal Time),Tue Dec 16 2025 23:14:02 GMT+0000 (Coordinated Universal Time),Contact the doctor who diagnosed your sleep apnea or interpreted your home sleep study. They can issue a copy or write a new prescription.,,false,prescription
What if I need CPAP?,what-if-i-need-cpap,68687a67e5482f687aa93558,68684afdb2c32b34342f1553,6941e754ace24a8f6c80b6dc,false,false,Tue Dec 16 2025 23:12:20 GMT+0000 (Coordinated Universal Time),Thu Jan 08 2026 18:24:43 GMT+0000 (Coordinated Universal Time),Thu Jan 08 2026 18:24:43 GMT+0000 (Coordinated Universal Time),We walk you through the next steps and DOT compliance tracking. You get clear guidance so you can stay on the road without guessing what comes next.,,false,trucker
What if I still haven’t completed a sleep test?,what-if-i-still-havent-completed-a-sleep-test,68687a67e5482f687aa93558,68684afdb2c32b34342f1553,6938a9f5dd6e0fbebe33cac8,false,false,Tue Dec 09 2025 23:00:05 GMT+0000 (Coordinated Universal Time),Tue Dec 16 2025 23:14:03 GMT+0000 (Coordinated Universal Time),Tue Dec 16 2025 23:14:03 GMT+0000 (Coordinated Universal Time),You must complete a sleep study and receive a diagnosis before a prescription can be issued. Dumbo Health offers at-home sleep testing if you need one.,,false,prescription
What if a part breaks early?,what-if-a-part-breaks-early,68687a67e5482f687aa93558,68684afdb2c32b34342f1553,6938af891c835d509e6da0f4,false,false,Tue Dec 09 2025 23:23:53 GMT+0000 (Coordinated Universal Time),Tue Dec 16 2025 23:14:03 GMT+0000 (Coordinated Universal Time),Tue Dec 16 2025 23:14:03 GMT+0000 (Coordinated Universal Time),"Reach out. We’re here to keep therapy working, not leave you stuck.",,false,resupply
What is CPAP therapy?,what-is-cpap-therapy,68687a67e5482f687aa93558,68684afdb2c32b34342f1553,694459fcac7ee4580acce6b4,false,false,Thu Dec 18 2025 19:46:04 GMT+0000 (Coordinated Universal Time),Thu Dec 18 2025 19:46:38 GMT+0000 (Coordinated Universal Time),Thu Dec 18 2025 20:12:01 GMT+0000 (Coordinated Universal Time),CPAP stands for continuous positive airway pressure. It is a common treatment for obstructive sleep apnea that helps keep your airway open while you sleep so breathing stays steady through the night.,,false,cpap
"What is a CPAP machine, and why would I need one?",what-is-a-cpap-machine-and-why-would-i-need-one,68687a67e5482f687aa93558,68684afdb2c32b34342f1553,68687a797f7c2997bba1060f,false,false,Sat Jul 05 2025 01:06:01 GMT+0000 (Coordinated Universal Time),Tue Dec 16 2025 23:14:03 GMT+0000 (Coordinated Universal Time),Tue Dec 16 2025 23:14:03 GMT+0000 (Coordinated Universal Time),"A CPAP (Continuous Positive Airway Pressure) machine gently helps you breathe better during sleep by keeping your airway open. Dumbo Health offers easy-to-use machines delivered right to your door, ensuring you're comfortable every night.",,false,general
"What is a home sleep test, and how does it work?",what-is-a-home-sleep-test-and-how-does-it-work,68687a67e5482f687aa93558,68684afdb2c32b34342f1553,68687a7898eac64af0ea6a20,false,false,Sat Jul 05 2025 01:06:00 GMT+0000 (Coordinated Universal Time),Tue Dec 16 2025 23:14:02 GMT+0000 (Coordinated Universal Time),Tue Dec 16 2025 23:14:02 GMT+0000 (Coordinated Universal Time),"A home sleep test is a convenient way to assess for sleep apnea from the comfort of your own bed. You’ll receive a FDA-approved small device that monitors your breathing, oxygen levels, and heart rate overnight. After the test, our sleep specialists analyze the data to provide an accurate diagnosis and tell you if you have sleep apnea. No need to visit any doctors or any sleep clinic, all of this from the comfort of your home",,true,general
What is a home sleep test?,what-is-a-home-sleep-test,68687a67e5482f687aa93558,68684afdb2c32b34342f1553,693896ad2fed5cdf75661ef2,false,false,Tue Dec 09 2025 21:37:49 GMT+0000 (Coordinated Universal Time),Tue Dec 16 2025 23:14:02 GMT+0000 (Coordinated Universal Time),Tue Dec 16 2025 23:14:02 GMT+0000 (Coordinated Universal Time),"A small finger-worn device tracks how you breathe, how your heart beats, how much oxygen you have, and how long you sleep. It uses a light sensor on your finger and connects to an app on your phone. All the data is combined into one score that shows how many times your breathing slows or stops each hour.",,false,hst
What is an At-home sleep test?,what-is-an-at-home-sleep-test,68687a67e5482f687aa93558,68684afdb2c32b34342f1553,695ff3ecf593c3fa5dca62b8,false,false,Thu Jan 08 2026 18:14:04 GMT+0000 (Coordinated Universal Time),Thu Jan 08 2026 18:14:06 GMT+0000 (Coordinated Universal Time),Thu Jan 08 2026 18:15:22 GMT+0000 (Coordinated Universal Time),"A small finger-worn device tracks how you breathe, how your heart beats, how much oxygen you have, and how long you sleep. It uses a light sensor on your finger and connects to an app on your phone. All the data is combined into one score that shows how many times your breathing slows or stops each hour.",,false,trucker
What is sleep apnea?,what-is-sleep-apnea,68687a67e5482f687aa93558,68684afdb2c32b34342f1553,68687a791da1456749778b61,false,false,Sat Jul 05 2025 01:06:01 GMT+0000 (Coordinated Universal Time),Tue Dec 16 2025 23:14:02 GMT+0000 (Coordinated Universal Time),Tue Dec 16 2025 23:14:02 GMT+0000 (Coordinated Universal Time),"Sleep apnea is a condition where breathing repeatedly stops and starts during sleep, leading to disrupted rest and potential health risks. Common symptoms include loud snoring, daytime fatigue, and morning headaches. Learn more by clicking here.",,false,general
What is this bundle?,what-is-this-bundle,68687a67e5482f687aa93558,68684afdb2c32b34342f1553,6938af889da0c9faba40865b,false,false,Tue Dec 09 2025 23:23:52 GMT+0000 (Coordinated Universal Time),Tue Dec 16 2025 23:14:02 GMT+0000 (Coordinated Universal Time),Tue Dec 16 2025 23:14:02 GMT+0000 (Coordinated Universal Time),It’s a plan that sends you the CPAP parts you need all year. You don’t have to remember anything. Fresh pieces just show up.,,false,resupply
What kind of support do I get after I start therapy?,what-kind-of-support-do-i-get-after-i-start-therapy,68687a67e5482f687aa93558,68684afdb2c32b34342f1553,694459fc66bc6de36761da0b,false,false,Thu Dec 18 2025 19:46:04 GMT+0000 (Coordinated Universal Time),Thu Dec 18 2025 19:46:38 GMT+0000 (Coordinated Universal Time),Thu Dec 18 2025 20:12:01 GMT+0000 (Coordinated Universal Time),You will have access to ongoing coaching and in app guidance through your Dumbo Health dashboard including nightly reports AI insights and treatment information.,,false,cpap
What makes Dumbo Health's sleep coaches special?,what-makes-dumbos-sleep-coaches-special,68687a67e5482f687aa93558,68684afdb2c32b34342f1553,68687a7b8bcab9dcb1beb9b6,false,false,Sat Jul 05 2025 01:06:03 GMT+0000 (Coordinated Universal Time),Tue Dec 16 2025 23:14:03 GMT+0000 (Coordinated Universal Time),Tue Dec 16 2025 23:14:03 GMT+0000 (Coordinated Universal Time),"Our dedicated sleep coaches and doctors offer personalized guidance based on your unique data, provide ongoing support, and ensure you're always comfortable with your treatment. They're here to help you succeed every step of the way!",,false,general
What makes Dumbo Health’s service different?,what-makes-dumbo-healths-service-different,68687a67e5482f687aa93558,68684afdb2c32b34342f1553,693896add995a4660a619a01,false,false,Tue Dec 09 2025 21:37:49 GMT+0000 (Coordinated Universal Time),Tue Dec 16 2025 23:14:02 GMT+0000 (Coordinated Universal Time),Tue Dec 16 2025 23:14:02 GMT+0000 (Coordinated Universal Time),Board-certified sleep specialists read your results. FDA-cleared devices are used for testing and diagnosis. You get support through each step.,,false,hst
What makes a prescription invalid?,what-makes-a-prescription-invalid,68687a67e5482f687aa93558,68684afdb2c32b34342f1553,6938aa1e2026c674efc58d34,false,false,Tue Dec 09 2025 23:00:46 GMT+0000 (Coordinated Universal Time),Tue Dec 16 2025 23:14:02 GMT+0000 (Coordinated Universal Time),Tue Dec 16 2025 23:14:02 GMT+0000 (Coordinated Universal Time),"- Blurry images
- Missing provider details
- Missing pressure settings for CPAP/APAP
- No indication of therapy type
- Prescriptions from non-U.S. providers If invalid, you’ll be asked to upload a corrected version.
",,false,prescription
When will I receive my results?,when-will-i-receive-my-results,68687a67e5482f687aa93558,68684afdb2c32b34342f1553,68687a78af11d390de5f4ac7,false,false,Sat Jul 05 2025 01:06:00 GMT+0000 (Coordinated Universal Time),Tue Dec 16 2025 23:14:03 GMT+0000 (Coordinated Universal Time),Tue Dec 16 2025 23:14:03 GMT+0000 (Coordinated Universal Time),Our team typically analyzes the data and provides results within a few days (most results within 48h). We’ll then discuss the findings and next steps with you.,,true,general
Why do I need new parts?,why-do-i-need-new-parts,68687a67e5482f687aa93558,68684afdb2c32b34342f1553,6938af89f0316b1bcda34efa,false,false,Tue Dec 09 2025 23:23:53 GMT+0000 (Coordinated Universal Time),Tue Dec 16 2025 23:14:03 GMT+0000 (Coordinated Universal Time),Tue Dec 16 2025 23:14:03 GMT+0000 (Coordinated Universal Time),"CPAP parts get old, dirty, or worn out. When that happens, sleep gets worse. New parts keep the machine working the right way.",,false,resupply
Why do I need to upload a prescription?,why-do-i-need-to-upload-a-prescription,68687a67e5482f687aa93558,68684afdb2c32b34342f1553,6938a925847f0613411b2410,false,false,Tue Dec 09 2025 22:56:37 GMT+0000 (Coordinated Universal Time),Tue Dec 16 2025 23:14:03 GMT+0000 (Coordinated Universal Time),Tue Dec 16 2025 23:14:03 GMT+0000 (Coordinated Universal Time),Sleep apnea treatments like CPAP machines and masks are regulated medical devices. A valid prescription is required before we can process your order or ship any equipment.,,false,prescription
Why do I pay monthly if deliveries come every three months?,why-do-i-pay-monthly-if-deliveries-come-every-three-months,68687a67e5482f687aa93558,68684afdb2c32b34342f1553,6938af88493a75b17d2f98e3,false,false,Tue Dec 09 2025 23:23:52 GMT+0000 (Coordinated Universal Time),Tue Dec 16 2025 23:14:02 GMT+0000 (Coordinated Universal Time),Tue Dec 16 2025 23:14:02 GMT+0000 (Coordinated Universal Time),Paying monthly keeps the cost small and steady. But the boxes still come every quarter.,,false,resupply
Why is testing important?,why-is-testing-important,68687a67e5482f687aa93558,68684afdb2c32b34342f1553,693896adb08331ce30934c6e,false,false,Tue Dec 09 2025 21:37:49 GMT+0000 (Coordinated Universal Time),Tue Dec 16 2025 23:14:03 GMT+0000 (Coordinated Universal Time),Tue Dec 16 2025 23:14:03 GMT+0000 (Coordinated Universal Time),"When your throat narrows during sleep, your oxygen drops. This stresses your heart, brain, and the rest of your organs. Untreated sleep apnea is linked to diabetes, stroke, heart attack, daytime sleepiness, and loss of sexual energy.",,false,hst
Why this plan instead of buying things one by one?,why-this-plan-instead-of-buying-things-one-by-one,68687a67e5482f687aa93558,68684afdb2c32b34342f1553,6938af895d190ed052e0d7db,false,false,Tue Dec 09 2025 23:23:53 GMT+0000 (Coordinated Universal Time),Tue Dec 16 2025 23:14:02 GMT+0000 (Coordinated Universal Time),Tue Dec 16 2025 23:14:02 GMT+0000 (Coordinated Universal Time),"It’s cheaper than buying separately, easier to manage, and keeps your therapy on track without effort.",,false,resupply
Will I lose support if I do not go through insurance?,will-i-lose-support-if-i-do-not-go-through-insurance,68687a67e5482f687aa93558,68684afdb2c32b34342f1553,69495ce613903e67c57903f0,false,false,Mon Dec 22 2025 14:59:50 GMT+0000 (Coordinated Universal Time),Mon Dec 22 2025 14:59:54 GMT+0000 (Coordinated Universal Time),Mon Dec 22 2025 15:01:33 GMT+0000 (Coordinated Universal Time),"No. Our team provides coaching, mask fit help, and Telehealth visits so you get results without the usual hassle.",,false,cashpay
Will my examiner accept this?,will-my-examiner-accept-this,68687a67e5482f687aa93558,68684afdb2c32b34342f1553,6941e731dd24dbd6be103ed2,false,false,Tue Dec 16 2025 23:11:45 GMT+0000 (Coordinated Universal Time),Thu Jan 08 2026 18:24:57 GMT+0000 (Coordinated Universal Time),Thu Jan 08 2026 18:24:57 GMT+0000 (Coordinated Universal Time),Yes. Our reports are built for DOT exams and include the clinical details examiners look for. Thousands of drivers use home sleep tests like this every year to stay certified.,,false,trucker
Will my insurance cover the at-home sleep test?,will-my-insurance-cover-the-at-home-sleep-test,68687a67e5482f687aa93558,68684afdb2c32b34342f1553,68687a7827acc9bb4fa60855,false,false,Sat Jul 05 2025 01:06:00 GMT+0000 (Coordinated Universal Time),Tue Dec 16 2025 23:14:02 GMT+0000 (Coordinated Universal Time),Tue Dec 16 2025 23:14:02 GMT+0000 (Coordinated Universal Time),"At the moment, Dumbo Health is out-of-pocket, but insurance coverage is coming very soon! Click here to join our waiting list. Remember, once you factor in co-pays, deductibles, and extra fees from traditional insurance, our at-home sleep test often turns out to be more affordable than using your insurance.",,false,general
Will someone help me set up my CPAP?,will-someone-help-me-set-up-my-cpap,68687a67e5482f687aa93558,68684afdb2c32b34342f1553,694459fc3f0950f067efb6ce,false,false,Thu Dec 18 2025 19:46:04 GMT+0000 (Coordinated Universal Time),Thu Dec 18 2025 19:46:38 GMT+0000 (Coordinated Universal Time),Thu Dec 18 2025 20:12:01 GMT+0000 (Coordinated Universal Time),Yes. We provide guided onboarding with an expert to help you get ready for your first night including setup support and answers to common questions.,,false,cpap
Will this help my sleep?,will-this-help-my-sleep,68687a67e5482f687aa93558,68684afdb2c32b34342f1553,6938af894902e19dc7b7eeb1,false,false,Tue Dec 09 2025 23:23:53 GMT+0000 (Coordinated Universal Time),Tue Dec 16 2025 23:14:03 GMT+0000 (Coordinated Universal Time),Tue Dec 16 2025 23:14:03 GMT+0000 (Coordinated Universal Time),"Yes. Clean, fresh parts make it easier to breathe, reduce leaks, and help you stay asleep longer.",,false,resupply
